Name,Image
Accord-o-Tron,https://d15f34w2p8l1cc.cloudfront.net/hearthstone/c01fc28e3692505b6a701e5bd63423c4a7800cdfbf773e8d50d3fbcb927841b6.png
Admiral Eliza Goreblade,https://d15f34w2p8l1cc.cloudfront.net/hearthstone/5d2cb79302163e750c962410ec8885e397db7a22a9485a5e0e5051e60e788aeb.png
Aggem Thorncurse,https://d15f34w2p8l1cc.cloudfront.net/hearthstone/1da68446ba26215990a4273aac1a56706c201bec31c37bf6e53caa0970ce19c5.png
Amber Guardian,https://d15f34w2p8l1cc.cloudfront.net/hearthstone/7a387f714bfee29f5c0d6572d5a309a138a93d6aff0541506e21b5cf766ab12f.png
Ancestral Automaton,https://d15f34w2p8l1cc.cloudfront.net/hearthstone/61b0beda7b44e3405b78f99afb7dd52b9df434e19e4c51bf21adea690b9b0f5c.png
Annoy-o-Module,https://d15f34w2p8l1cc.cloudfront.net/hearthstone/96761ac96f81ea8120a50e17f1c2c011d01c2624e048395287ce400c93cf1945.png
Annoy-o-Tron,https://d15f34w2p8l1cc.cloudfront.net/hearthstone/183275f48b7a3ea99ca882a41f5a9d55aa19f160cfd837b3eed00cf0bb43f1d1.png
Annoy-o-Troupe,https://d15f34w2p8l1cc.cloudfront.net/hearthstone/8758e6ff529b6aee5069b36cf0dc41680fcfaa800acec5044b6bffdde1d122ac.png
"Anub'arak, Nerubian King",https://d15f34w2p8l1cc.cloudfront.net/hearthstone/2b96abd2ab1773eee76c4b099dda61621544c656c5c04105e713881bdce55de9.png
Archlich Kel'Thuzad,https://d15f34w2p8l1cc.cloudfront.net/hearthstone/74c0a591a36d4dc141834e70cdba562b834c87abd1df367bc81fb0d029f1c979.png
Assistant Guard,https://d15f34w2p8l1cc.cloudfront.net/hearthstone/9fd7a0f00686f64af7b132df1f06cb507e907bf75165f105dea942c26e52b75a.png
Backstage Security,https://d15f34w2p8l1cc.cloudfront.net/hearthstone/809823f70e466e0b37066e1df4942dfeccf744c3d96c89c3da05835fe5b2c2e3.png
Bannerboar,https://d15f34w2p8l1cc.cloudfront.net/hearthstone/6d322d7af632bedb1e6231efdf8a15b6fcb9757f392d334a71e0ca8c8403ed91.png
Bassgill,https://d15f34w2p8l1cc.cloudfront.net/hearthstone/f8bd539f57d0622dfb5a8137f106067abd0b1d3f4c82f8f16cc7e1e95950ffc4.png
Bird Buddy,https://d15f34w2p8l1cc.cloudfront.net/hearthstone/e8db35c6ff9a2e01eb1fd1219eafeb17b679291674025033b0cc17b0a024c1df.png
Blade Collector,https://d15f34w2p8l1cc.cloudfront.net/hearthstone/8d263d200079cd8813938d058d6614d08ec86c35c366beb848bdb807e95565c7.png
Blazing Skyfin,https://d15f34w2p8l1cc.cloudfront.net/hearthstone/94bdbc3b0d07b2e31e229564a0f8a56b73bc940b35e6651efe8fd05690645e53.png
Bongo Bopper,https://d15f34w2p8l1cc.cloudfront.net/hearthstone/a3d22dd97e66f980d61c76df222bed8145c61acffc2e322a098a96ac60d6af2f.png
Brann Bronzebeard,https://d15f34w2p8l1cc.cloudfront.net/hearthstone/d8c240f995e4881c518d88a7e8251feb13f11aae4bf9b538fd3eea551b6e0cc6.png
Bream Counter,https://d15f34w2p8l1cc.cloudfront.net/hearthstone/90509e4fa2a2c7d431847ee846575a8485acbc40d20dd15a997bba3764d942e7.png
Bristlebach,https://d15f34w2p8l1cc.cloudfront.net/hearthstone/771985f58ea3486e1e8e94f35d5db1183e883e3c754bf931243d1afa11b394e5.png
Bristling Buffoon,https://d15f34w2p8l1cc.cloudfront.net/hearthstone/62264fc9f1805577da7e67a5aef8c9ff8cea5971e195c4b2f4a9dc26e056b6c7.png
Captain Sanders,https://d15f34w2p8l1cc.cloudfront.net/hearthstone/8cf02e52459d072bf0bf675d6c88bc5f6a2dc1f3ae5a05048074ce49a0c4e93a.png
Carbonic Copy,https://d15f34w2p8l1cc.cloudfront.net/hearthstone/b3026ef120f5460f0413dfc01dd051eb86cc59128255928d490f91f5744e2395.png
Champion of Sargeras,https://d15f34w2p8l1cc.cloudfront.net/hearthstone/1a10276eaefd8a404dfb836b7aeca9aec32d9d5df7de8bfa5e9e095073b5bf5d.png
Champion of the Primus,https://d15f34w2p8l1cc.cloudfront.net/hearthstone/1a90e09ba31d754a97e7192c18bbc8bfe8cfbee900ecb42c5003b12a515d4d58.png
Charging Czarina,https://d15f34w2p8l1cc.cloudfront.net/hearthstone/4692563e9f2e0442a0c09b08cc274a7d8cc7a99efd3b8654faf4fd1b98530d0a.png
Charlga,https://d15f34w2p8l1cc.cloudfront.net/hearthstone/3ae59e5a04a687e326b8cd4c6513bd370b875451922de76155af76df08f6291e.png
Choral Mrrrglr,https://d15f34w2p8l1cc.cloudfront.net/hearthstone/f3ef2a0e5f264c352e2c4e2a5a77a09a2fa4284bbddaf42022756531c167a331.png
Colossus of the Sun,https://d15f34w2p8l1cc.cloudfront.net/hearthstone/04c1d990470bf07bc10f47991c1d8c52608d717acce4262c29b00cc7b79e0a2b.png
Cord Puller,https://d15f34w2p8l1cc.cloudfront.net/hearthstone/53886debf70ecd9ea6e29143914f65d8883badc265c94eeeb18e73c7ea6ec138.png
Corpse Refiner,https://d15f34w2p8l1cc.cloudfront.net/hearthstone/b9f661d3cd38dccba682a594f5347b20a84762549e1bd5fd975af3ec539b4dd9.png
Corrupted Myrmidon,https://d15f34w2p8l1cc.cloudfront.net/hearthstone/680541bbafc992b627870e47290a0cdc659db51997d3773f2ede5d4f5ffb733e.png
Crackling Cyclone,https://d15f34w2p8l1cc.cloudfront.net/hearthstone/f92388cb3642b1ce80019419fd626f30b93ca2068ae4557a944eb0a068ec3b0d.png
Critter Wrangler,https://d15f34w2p8l1cc.cloudfront.net/hearthstone/f7061da192ff3468ec740e43fb8e6bf8ed91a19241399157e48571dda491269d.png
Cultist S'Thara,https://d15f34w2p8l1cc.cloudfront.net/hearthstone/8e3572c353df15ba0d811e0a57199702feb5a03569b4ba6d6f704ddf4d479e1b.png
Daggerspine Thrasher,https://d15f34w2p8l1cc.cloudfront.net/hearthstone/51ee822bf3392e8a5a5cb6b382a72f75e0ca2ce9242a7ca9d6f9128e805c2e92.png
Deadly Spore,https://d15f34w2p8l1cc.cloudfront.net/hearthstone/059f763ba70df559d92a147a6ce3176a59e5746e6e6e16cf2f3f231571c78ada.png
Deep Blue Crooner,https://d15f34w2p8l1cc.cloudfront.net/hearthstone/58bef617469f03f8dcf4049cbc61aca89d2f43ac4929026bb779d0b316ed60df.png
Deep-Sea Angler,https://d15f34w2p8l1cc.cloudfront.net/hearthstone/066e355e8a4b8b252d195f89f5c815562891c372eb53f740e588333726666bdb.png
Defiant Shipwright,https://d15f34w2p8l1cc.cloudfront.net/hearthstone/1ad6c5f3e95dbc7a990dd6ab05740213fd58fad2c2a75d4c125ef0059f19887b.png
Deflect-o-Bot,https://d15f34w2p8l1cc.cloudfront.net/hearthstone/c88c294f23f42208b2320cb1f40b12a763f33791670401be2014526b70f1580c.png
Diremuck Forager,https://d15f34w2p8l1cc.cloudfront.net/hearthstone/71d8cbda82a5cdb1af86680fdf06934012cfeffd676fe3b6e21afab56926564c.png
Disco Shuffler,https://d15f34w2p8l1cc.cloudfront.net/hearthstone/de9f70d62698b077b329320041f7522c7c20b3fed862111f67896e103799b6df.png
Disguised Graverobber,https://d15f34w2p8l1cc.cloudfront.net/hearthstone/3056b3b5dab16ed86c21b73d750cf4fb6dad49253a2d478e9b6d84d777f1b3db.png
Doting Dracthyr,https://d15f34w2p8l1cc.cloudfront.net/hearthstone/7cb5ed86b59b9bb3ad64667884b0d810a35e7c28ef0e98a30334fe6ad362b3e7.png
Drakkari Enchanter,https://d15f34w2p8l1cc.cloudfront.net/hearthstone/89147d60a1727748ac4152a4add22de2c1f695835771e52cfc70c21dda03de2c.png
Electric Synthesizer,https://d15f34w2p8l1cc.cloudfront.net/hearthstone/c039cc5f3836a41b137216bfeeb4177e1ffc8c54aaf4f9112def2ce81952dec0.png
Elemental of Surprise,https://d15f34w2p8l1cc.cloudfront.net/hearthstone/4e68c6b3044b434784397319c60af9451d976734a3b5d9ae889823c295617565.png
Ensorcelled Fungus,https://d15f34w2p8l1cc.cloudfront.net/hearthstone/9af63a678158ff42794a3313c6b46bb05d6c5e40dabe4f5925e3c363315d43a0.png
Eternal Knight,https://d15f34w2p8l1cc.cloudfront.net/hearthstone/0dc9e2ee3f11a08fe0e9b0b4d7064b7333bc47e04c848b67736be443c2a93c07.png
Eternal Summoner,https://d15f34w2p8l1cc.cloudfront.net/hearthstone/93bbc250faac1a70bbcfb10aa66a968645a271154893af48c06976943236cd5d.png
False Implicator,https://d15f34w2p8l1cc.cloudfront.net/hearthstone/178e3d64db8ef8d42ab1509db679706e84d2811a599273e74ab9d6d9f8721795.png
Famished Felbat,https://d15f34w2p8l1cc.cloudfront.net/hearthstone/57d8e7001be84d95814c7b8f17c89ddb395cf556024cd76288aeab0df5fef0eb.png
Feisty Freshwater,https://d15f34w2p8l1cc.cloudfront.net/hearthstone/f1db6bb00113dbc8006f3d47d161256777b92fe991e84db002bce02b90cd1157.png
Fiery Felblood,https://d15f34w2p8l1cc.cloudfront.net/hearthstone/330767600da7b497d232e19a3bc27a7ed27c3791a99b9db9bd3a5ec9c458ed06.png
Fleet Admiral Tethys,https://d15f34w2p8l1cc.cloudfront.net/hearthstone/37865352eec3bc49bb8207a467e119aa251d64f7c68992c1f66955831129e886.png
Flourishing Frostling,https://d15f34w2p8l1cc.cloudfront.net/hearthstone/a4eb13096d955af2467ef2f29e604834ecb8732cb0a6b9800252f8ac84eda206.png
Foe Reaper 4000,https://d15f34w2p8l1cc.cloudfront.net/hearthstone/7ad1966dc0951cac44de3e662af578358632e66c70a26d2e18723b788fb6a6e3.png
Friendly Saloonkeeper,https://d15f34w2p8l1cc.cloudfront.net/hearthstone/ddb1df4d02f5b6f402e8d112ca0dc25ed24537f4f3ede3b45386b4347bdd4f11.png
Gem Smuggler,https://d15f34w2p8l1cc.cloudfront.net/hearthstone/51c68c7de977898c6e00763c17d386fed8cea70d6c966af427119addd9ecf44e.png
General Drakkisath,https://d15f34w2p8l1cc.cloudfront.net/hearthstone/df00d421c85936993ff99a4e7818c9ac23779a7c8c327b7ca1cfc2fb5fac094a.png
Generous Geomancer,https://d15f34w2p8l1cc.cloudfront.net/hearthstone/9184c2f8b4c4474facf764ca1aae43c41af3878a715f16c5fe2718abb97bf584.png
Glim Guardian,https://d15f34w2p8l1cc.cloudfront.net/hearthstone/63419d28bfdfa878d8dad73858b7ef26fbf5618d8e438464f1442238efee3d67.png
Glowscale,https://d15f34w2p8l1cc.cloudfront.net/hearthstone/c7d377b851a73ef58a3d8b25508d999105b9b37b99c9c9e4086a5c75b495150a.png
"Goldrinn, the Great Wolf",https://d15f34w2p8l1cc.cloudfront.net/hearthstone/54babb7e24d5f8c78b6455b4f63e227add20100fb2a544f091df6ad206ba063b.png
Granite Guardian,https://d15f34w2p8l1cc.cloudfront.net/hearthstone/9e1623363d970e605431fd1a0f0a4758dd79b3edd2d1befbda10a83287427405.png
Grave Narrator,https://d15f34w2p8l1cc.cloudfront.net/hearthstone/27a72432c51041d766846355840b94e49ace092471e66d0d49a9b08f4fd6eece.png
Grease Bot,https://d15f34w2p8l1cc.cloudfront.net/hearthstone/0bcaf8cef431dd89a5e50d35923b0780a9115b850f20c2a8fed26afed8c66c64.png
Gunpowder Courier,https://d15f34w2p8l1cc.cloudfront.net/hearthstone/cf3f0dc0681951e3d868e48df284bd7391cfecaa5ea78b58607d99933418136d.png
Handless Forsaken,https://d15f34w2p8l1cc.cloudfront.net/hearthstone/7a253f0cbe0a1a414d12f02ed80a70b2901b11b162d5dce22b82f25334aec9dd.png
Harmless Bonehead,https://d15f34w2p8l1cc.cloudfront.net/hearthstone/85ea5a924ad3145400e35edb7ebebf8e211c5a826c12c0aeea5d9477145645cc.png
Hoarding Hatespawn,https://d15f34w2p8l1cc.cloudfront.net/hearthstone/417d155dcb352e2fab3874a584e7dd4f18ff70633f9a502435d6c26ffe0b5bfd.png
Humming Bird,https://d15f34w2p8l1cc.cloudfront.net/hearthstone/16348da8b7047848906d63f6c04daa5c9997eaf6f7c902d9a3831d385f8b6812.png
Hunter of Gatherers,https://d15f34w2p8l1cc.cloudfront.net/hearthstone/4c04f164f1a8c7b018489839272159b2526791c3aaa054ceb61825e44be8ea9b.png
Imposing Percussionist,https://d15f34w2p8l1cc.cloudfront.net/hearthstone/1a58496e02caf2d3d08363322df5eea823fb100399abd6f6c5ee274b437442f1.png
Impulsive Trickster,https://d15f34w2p8l1cc.cloudfront.net/hearthstone/9395094b282f677efbd6bf88b2a81d37bf8be5878cb2161008eed882364a535a.png
Insatiable Ur'zul,https://d15f34w2p8l1cc.cloudfront.net/hearthstone/160ec60bb66aed7b8d3c9fa68d3d74501ce91ec07c945b566a7642fbb0c39479.png
Interrogator Whitemane,https://d15f34w2p8l1cc.cloudfront.net/hearthstone/2d1419930d403a71319ee8b0cee637fb54d60bde46757891ca2353251bb8edb5.png
Irate Rooster,https://d15f34w2p8l1cc.cloudfront.net/hearthstone/30c954c9742bf4db393d715ef0751c5ae9ed8c203b033c50351004bd84e29e29.png
Iridescent Skyblazer,https://d15f34w2p8l1cc.cloudfront.net/hearthstone/c0b7cf0e8835fff4a54a28652d80a6a03257cc6849013ce9ed9e24665f0e5050.png
Kaboom Bot,https://d15f34w2p8l1cc.cloudfront.net/hearthstone/7147336d643bb68b568b830d980b6e8a53eb6f0ce3e1f1ab9349a4be336a3086.png
"Kalecgos, Arcane Aspect",https://d15f34w2p8l1cc.cloudfront.net/hearthstone/8c69888b577809a371a57b783976fbf8fafe96fc8f43fd7deddf738d7392f9e7.png
Kangor's Apprentice,https://d15f34w2p8l1cc.cloudfront.net/hearthstone/4b6095d195eeca8985d78273a2d235fe02c06df4974030b84f9140d68bf18939.png
King Bagurgle,https://d15f34w2p8l1cc.cloudfront.net/hearthstone/b26b0a477b6ca48dfae9e158fa1a35ab79818ed52675bb5fff795a256c71cf46.png
King Varian,https://d15f34w2p8l1cc.cloudfront.net/hearthstone/a5b003645e76f26a2f003a99eab9ff41ee6b3e7c537e20c12edbe9d816f77adf.png
Land Lubber,https://d15f34w2p8l1cc.cloudfront.net/hearthstone/b928853a2b64d3e4c0dc7985b3ac228c313355ccf8190f2159e32d96e99de527.png
Lava Lurker,https://d15f34w2p8l1cc.cloudfront.net/hearthstone/ecd4d034664a36f59ef29b49918f596b07045a4f62909daf254df9e0fca8baeb.png
Leeroy the Reckless,https://d15f34w2p8l1cc.cloudfront.net/hearthstone/ad136d2de0748a6d0ecb238743153aee4bfbcf403cf59946029a989a079b5e7b.png
Lightfang Enforcer,https://d15f34w2p8l1cc.cloudfront.net/hearthstone/18b44901131599a0614256c1b3e67f44e05df7ea5e56e0f07de655ab653d163d.png
Lil' Rag,https://d15f34w2p8l1cc.cloudfront.net/hearthstone/a46d43bea792aeaa689e49200ddf658818e0a94554927f4507c2834b19392076.png
Living Azerite,https://d15f34w2p8l1cc.cloudfront.net/hearthstone/3e0da57d6e2fe035a4098cfb72ea0c1af28e54dca12917b9f9ac939325c31873.png
Lovesick Balladist,https://d15f34w2p8l1cc.cloudfront.net/hearthstone/e43963676349290e91f7bc4120629f9b8a1d449348985c55cdb3af7bfa0fa97e.png
Lullabot,https://d15f34w2p8l1cc.cloudfront.net/hearthstone/f8ccb3d400b9ff813d779bdc0052f4c327a256336d39b4ba82de434caa984aef.png
Magnanimoose,https://d15f34w2p8l1cc.cloudfront.net/hearthstone/41f8b41ffd7b68d45ae2cb968be6fe041ac0c9f6d9add29c1ef7470b99fe64c2.png
"Malchezaar, Prince of Dance",https://d15f34w2p8l1cc.cloudfront.net/hearthstone/6dd5ed04513a50440a6b866f55592882372225c471070af8e386e5138720f204.png
Man'ari Messenger,https://d15f34w2p8l1cc.cloudfront.net/hearthstone/1fa64bc8d3570aa5a732f2f45b50625715505607b57ce7f6d2488861497a98e7.png
Manasaber,https://d15f34w2p8l1cc.cloudfront.net/hearthstone/6b6e4cce8bc9209d8e99b3a7e2ba7047fbdd3b2bf619359ec897566a64d595fb.png
Mangled Bandit,https://d15f34w2p8l1cc.cloudfront.net/hearthstone/d679bffdda35778f82dcddcaffd05d8c0cca4e211592d7003b045f92f1c9e40c.png
Mecha-Jaraxxus,https://d15f34w2p8l1cc.cloudfront.net/hearthstone/b1c38b65d1b47df413ae0204bbdef982276b85867fee11abf34d6248937035a6.png
Mechanized Gift Horse,https://d15f34w2p8l1cc.cloudfront.net/hearthstone/882e99eddc0164090e57c914e2e4285d13912f657b5d1e908ab3404588a14bad.png
Mind Muck,https://d15f34w2p8l1cc.cloudfront.net/hearthstone/3e86bc134a8ccb715ff15a218252075ad56960c353350b446112937f32395db3.png
Mirror Monster,https://d15f34w2p8l1cc.cloudfront.net/hearthstone/aec56bdadcfc19e79a1887d3e2d41bf56298a3a89cc1e078f6f9904d8421c9c7.png
Misfit Dragonling,https://d15f34w2p8l1cc.cloudfront.net/hearthstone/7b68ffdf0830b35229b6b38f2ef8f17c02455e458aafbf519586d2d23f751668.png
Moira Bronzebeard,https://d15f34w2p8l1cc.cloudfront.net/hearthstone/72e96c71b0b9acc69e593f69a545d7955676ae6140ed611ab32df68a607cbd0c.png
Molten Rock,https://d15f34w2p8l1cc.cloudfront.net/hearthstone/cdefacae7700449b784315536de95458a9fe8f3333d9cefbd7d17a5b3f782789.png
Monstrous Macaw,https://d15f34w2p8l1cc.cloudfront.net/hearthstone/ba8744f3d9de2df0e3b5b0058470275b49a0f8372c331fd3c5d3e7796fb7226e.png
Moon-Bacon Jazzer,https://d15f34w2p8l1cc.cloudfront.net/hearthstone/8e9ebec6f08ca41525823b9622821a53c11d4d2b5b3fdf64405a10c4afb0c0cf.png
"Moroes, Steward of Death",https://d15f34w2p8l1cc.cloudfront.net/hearthstone/332ce740dcdcdb5dc62687d27300bbced362ea2fffebd01464f46f392e6f2634.png
Motley Phalanx,https://d15f34w2p8l1cc.cloudfront.net/hearthstone/d33250ea0e98b67b10ab0983cf6d055bb245b5101512c3c27851b6485b0e760a.png
Mummifier,https://d15f34w2p8l1cc.cloudfront.net/hearthstone/4738c79b85c78f8b08f209729dca1980e34db404f6c768a07c0f99ccf1ffd17f.png
Murcules,https://d15f34w2p8l1cc.cloudfront.net/hearthstone/96593810480f8d1cef85b91737f211ffa0788c1ba224fab16fb4046450e08274.png
Murky,https://d15f34w2p8l1cc.cloudfront.net/hearthstone/a7bd77d41605bb4331108dc9bf91246b9168890e5acf1c8886edcc1760894d3b.png
Nalaa the Redeemer,https://d15f34w2p8l1cc.cloudfront.net/hearthstone/b3d10a8d7e64a61eedd9c0e94d0ae4b89bbb37fc9b55271bb39aa224fdf9a2cc.png
Nerubian Deathswarmer,https://d15f34w2p8l1cc.cloudfront.net/hearthstone/204bece2145d9c35a561a5ceaa633f4572c697ad9def5a9245eeb039832ff609.png
Obsidian Ravager,https://d15f34w2p8l1cc.cloudfront.net/hearthstone/0525acbe66b5a0f3769467f70edf925d3c92d8d9aea17d02faf442a0650cef8b.png
"Octosari, Wrap God",https://d15f34w2p8l1cc.cloudfront.net/hearthstone/e1e826d604ecec3cb9e10b42fb37eea29b6d77b97eaefad724ce5af5461eff0a.png
Oozeling Gladiator,https://d15f34w2p8l1cc.cloudfront.net/hearthstone/65e999be8b6d5235d453c86f56bca5513d318a4e2a412c8b8f4dd093673f90dc.png
Operatic Belcher,https://d15f34w2p8l1cc.cloudfront.net/hearthstone/b07cdb6b01097f49addf619eea1966b9e6f115331ab00c2c7e6c01c5300ec716.png
Orc-estra Conductor,https://d15f34w2p8l1cc.cloudfront.net/hearthstone/6b59b7fd05a3fdea190b42f31cc0664a1e0320464d6b0553a47ce0092cdf523f.png
"Orgozoa, the Tender",https://d15f34w2p8l1cc.cloudfront.net/hearthstone/d7dd3b94acb004d320cd16377c7baa2338d2a2377d48b11f73abab495fab52d6.png
Papa Bear,https://d15f34w2p8l1cc.cloudfront.net/hearthstone/176a10d4293a14d2e9afb9a3a2a3070cc94440d92a5d227ce90d5cdd55d34c30.png
Party Elemental,https://d15f34w2p8l1cc.cloudfront.net/hearthstone/929fc2b80ee14904411283c94d30d7ad2c0579d34ad803b3d91feb472f4a04f5.png
Passenger,https://d15f34w2p8l1cc.cloudfront.net/hearthstone/f6ad6016f885bffc41564b4e97ff16c89b90fa2a863eff9a2fc403093260ba30.png
Patient Scout,https://d15f34w2p8l1cc.cloudfront.net/hearthstone/481f9adf916e9ca89da892f2ea36a25410db4f8b60c3dcbb8b60bbcc555422e0.png
Peggy Sturdybone,https://d15f34w2p8l1cc.cloudfront.net/hearthstone/8d21aa17f1745f040422314efe4517cea985fbd93828be74e93d014a248039fb.png
Persistent Poet,https://d15f34w2p8l1cc.cloudfront.net/hearthstone/09873d55ed307d514639883b04ed108af86c413efa3ab140f053ad33deb08a0b.png
"Phaerix, Wrath of the Sun",https://d15f34w2p8l1cc.cloudfront.net/hearthstone/a8c03bcab732f3bcccdfaaf09abed21e6ba9e9a573a459fb1e8113e8f1a401c5.png
Picky Eater,https://d15f34w2p8l1cc.cloudfront.net/hearthstone/b3a849ba00eaed9400d9b2d51a732c9e2a3833973ea6e772e98a85f5ccc58adf.png
Plunder Pal,https://d15f34w2p8l1cc.cloudfront.net/hearthstone/b01098c60aa3ef62d48fbb9782f693bf411185da454ae33a3f3731b68eb30489.png
Pokey Thornmantle,https://d15f34w2p8l1cc.cloudfront.net/hearthstone/cfa9e135cec10e7169895d2e160cdfe98554172a1ada11c5325f3f37854ef177.png
Polarizing Beatboxer,https://d15f34w2p8l1cc.cloudfront.net/hearthstone/d0b7de98c5bc7ae5dc891b269792c6c4b295e2054ae378c6db712494532b756c.png
Prickly Piper,https://d15f34w2p8l1cc.cloudfront.net/hearthstone/77429aa9cddf77dff4b6b8eb5c6358933aaf6c9ef214dcb077d50172d7efb0ed.png
Primalfin Lookout,https://d15f34w2p8l1cc.cloudfront.net/hearthstone/dabd502e7dfa51954f03337f2841e472d7952009332d92262ab20931e3dde078.png
Prized Promo-Drake,https://d15f34w2p8l1cc.cloudfront.net/hearthstone/d9694086225853f80c9798bcfe8f0db6f24b892122aaf766887a25b1fe03a807.png
Prophet of the Boar,https://d15f34w2p8l1cc.cloudfront.net/hearthstone/f13300e4efb64dee1e7115b726b22ec530c5052be19c62d606e9414dfee77b37.png
Prosthetic Hand,https://d15f34w2p8l1cc.cloudfront.net/hearthstone/5238c7fce715682052e1ba6f28161d3c2cbff57d49605001892e8d419521810d.png
Puddle Prancer,https://d15f34w2p8l1cc.cloudfront.net/hearthstone/ee8ca590f8b61dd0658ee9f6359356e91548abb4a458632f815d8ad452e11678.png
Rampager,https://d15f34w2p8l1cc.cloudfront.net/hearthstone/732ebb058228665d7a3908d8be16bd3d76e6a3505da81c10f891fd3de544c646.png
Razorfen Geomancer,https://d15f34w2p8l1cc.cloudfront.net/hearthstone/c2874ca1aabc414bb445d5c672ac2476945cef6195b76b79e6cef788508d321d.png
Record Smuggler,https://d15f34w2p8l1cc.cloudfront.net/hearthstone/cb447a37d83a15ad2b13237017981424e6710f230ad50d8d83ce27481790b82b.png
Recurring Nightmare,https://d15f34w2p8l1cc.cloudfront.net/hearthstone/20f0341e7b301b6fe395be0b414c817965b4bd3854698d3deb1b5664c0a8faf4.png
Recycling Wraith,https://d15f34w2p8l1cc.cloudfront.net/hearthstone/7d310aa0400e229487440c38001e4854b7ec92d85b5cdd832a1a7bf2118d9818.png
Reef Riffer,https://d15f34w2p8l1cc.cloudfront.net/hearthstone/b9fa18a7e5c88691f8e58fedd13a71ef734cffd113d1dc1a763d2c57aae3a9a7.png
Refreshing Anomaly,https://d15f34w2p8l1cc.cloudfront.net/hearthstone/e52e94cca40b0e7719cc1d5c25a5ad58c3253a8836b390116e4494fc373e2186.png
Rendle the Mistermind,https://d15f34w2p8l1cc.cloudfront.net/hearthstone/d18773366a0862ec410dff19bbfe3ca080b0666309c1475289d44e14d52c55df.png
Ripsnarl Captain,https://d15f34w2p8l1cc.cloudfront.net/hearthstone/a81eeed3dce721096f438f2ce1dc2c5d575b9f6d9f464cb24f538900bccb3591.png
Risen Rider,https://d15f34w2p8l1cc.cloudfront.net/hearthstone/d3d942b92b634125d3ca6c07c20756a865f727f8580c3819f3a71a5b1864e65e.png
Roaring Rallier,https://d15f34w2p8l1cc.cloudfront.net/hearthstone/eebaf695d8dac774daf439888aacdc371dca9e61bfc1181ffcb5c039e6d05746.png
Rock Rock,https://d15f34w2p8l1cc.cloudfront.net/hearthstone/941c80c1077387bd1af7675ae3dcf8d81294fa66db67de48d3ded0a14d097842.png
Rodeo Performer,https://d15f34w2p8l1cc.cloudfront.net/hearthstone/e303de51a578178f91edaf309f07e0a05ee6fd91a84e1a4358b63e23ed567218.png
Rylak Metalhead,https://d15f34w2p8l1cc.cloudfront.net/hearthstone/b1f46f281cbdbabf6cde254528afafe50ca65997fc8639ced526b5466765fc1e.png
Saltscale Honcho,https://d15f34w2p8l1cc.cloudfront.net/hearthstone/0837eedc21f313ae8e160853203eb2c6470dd90bfb3941c4b5d037aa36684f10.png
Salty Looter,https://d15f34w2p8l1cc.cloudfront.net/hearthstone/3e91ca5c0ce56982413402deb432d3bf886ff5f8cc6d761e25c0dac51a102b2a.png
Sandy,https://d15f34w2p8l1cc.cloudfront.net/hearthstone/96027b3da32de5f1887a3667afc9d052b8ad80d5232c78a6fa8217265af8846d.png
Sanguine Champion,https://d15f34w2p8l1cc.cloudfront.net/hearthstone/b2f8a4476485e66382af76d345d18e07a5077d2e424025d5e86556ab85f4df23.png
Scallywag,https://d15f34w2p8l1cc.cloudfront.net/hearthstone/7dc129887d4d0d94037a19bd3911de9d1c8e1b9ef7a98458983f0d229c8209da.png
Scourfin,https://d15f34w2p8l1cc.cloudfront.net/hearthstone/50e51ecf1e50c68264f9a73ef9ccee7df6ec173e9e5bb1d1d26a3fc3a894e41b.png
Scrap Scraper,https://d15f34w2p8l1cc.cloudfront.net/hearthstone/79bd594f9867a994ae128ebcd918eb7cf3c27403812860dcf5dcfe6abee672f5.png
Sea Witch Zar'jira,https://d15f34w2p8l1cc.cloudfront.net/hearthstone/5df9be299cdfcf905fcdbf56e704e073abd57eb1141286eb0f57616d8d7a9d4c.png
Sellemental,https://d15f34w2p8l1cc.cloudfront.net/hearthstone/6cb85e481bb0637b811c1ec82a3476db16f04061696676693c366e4186f85607.png
Shell Collector,https://d15f34w2p8l1cc.cloudfront.net/hearthstone/586c6c42b359a6f9772c17a122bb463deeb28f30e23b46e6af024ec55946fd81.png
Shell Whistler,https://d15f34w2p8l1cc.cloudfront.net/hearthstone/eef29e05f15b4d168f16beb17c111b454e61fb7ba4125bc3d11983e32bbef860.png
Silver Goose,https://d15f34w2p8l1cc.cloudfront.net/hearthstone/33d2338fe6e76f0e1059cf1a0a2a7d6b0637ff002b395ecee9ad6218fa040550.png
Sin'dorei Straight Shot,https://d15f34w2p8l1cc.cloudfront.net/hearthstone/3e60a139fc00fa8b08b205ad8485ef0b4ab234a7b74565423cfb7305c33331fc.png
Slimy Felblood,https://d15f34w2p8l1cc.cloudfront.net/hearthstone/b875ad5be7c89cc37fab180a556cbb8770868bb83c9ae7352b92019ab152fb27.png
"Slitherspear, Lord of Gains",https://d15f34w2p8l1cc.cloudfront.net/hearthstone/2f7f20519bb3ad231582cc1eb7a37e372927782c70f93ff0c05097bdabec5419.png
Sly Raptor,https://d15f34w2p8l1cc.cloudfront.net/hearthstone/3df6dabc57b2c97fb2ee15c0c95e768aa7b4b05b55893dbf81699dc4f6563af2.png
Snail Cavalry,https://d15f34w2p8l1cc.cloudfront.net/hearthstone/4d1578b40341097426ccaae11e640cf35f4192bdc8feb93335687de9015afa46.png
Snarling Conductor,https://d15f34w2p8l1cc.cloudfront.net/hearthstone/68843788bf8f6a3045ef6abee09a8634930819e2d8d6d24b1d40732963008600.png
Soft-hearted Siren,https://d15f34w2p8l1cc.cloudfront.net/hearthstone/a8e58795563d766d0c0a09a118a5a292335d5b31d5a5634065205322b176e04a.png
Soul Rewinder,https://d15f34w2p8l1cc.cloudfront.net/hearthstone/64ca1fd3a5c5c00a35d2976a23ce2ef519e8ca88fc262fe79ce90ad751822404.png
Southsea Busker,https://d15f34w2p8l1cc.cloudfront.net/hearthstone/293dfb61571b71a51bf2a4f034c0e9b2d0fe1a66a939727473c147bda6b56267.png
Spiked Savior,https://d15f34w2p8l1cc.cloudfront.net/hearthstone/5d676ec9ba1bca988fe1d6d3b8b82f11b8ccda84ed197444a2282baf261147a3.png
Sprightly Scarab,https://d15f34w2p8l1cc.cloudfront.net/hearthstone/b8da04ed5dd739d79247fb13f807c76f7e012aef5feb3f2bbbc968a775003a05.png
Storm Splitter,https://d15f34w2p8l1cc.cloudfront.net/hearthstone/b436b604e9cfa96ade28d0fc43c9d08f8e2b78629fe775f85fb4ce8bb33bdd0b.png
Sun-Bacon Relaxer,https://d15f34w2p8l1cc.cloudfront.net/hearthstone/4346c7d872861a992646283ac2aeeed35b049d9d3e50c7dd0826c7988ff5dde2.png
Support System,https://d15f34w2p8l1cc.cloudfront.net/hearthstone/303293a847e20a393014488214a2c8cc8a6265cfaacaf27424204bcab0d9180d.png
Swampstriker,https://d15f34w2p8l1cc.cloudfront.net/hearthstone/98b7c1e25fedfbecb1c50ad60355a9b233c562fc7403a9a7d67529043b14d34e.png
Tad,https://d15f34w2p8l1cc.cloudfront.net/hearthstone/d38e733dc655cd1f04eff56a9e12166305df6d556a9585739738ade65ac4ca36.png
Tarecgosa,https://d15f34w2p8l1cc.cloudfront.net/hearthstone/25f0f483d7963d4919a89d7c70563f881812fb4129c7dd78e7053aa34a69f858.png
Tavern Tempest,https://d15f34w2p8l1cc.cloudfront.net/hearthstone/c90d2cc29c2c4317f02b63434416d874f9a5232901323e5b6511ad821151df4b.png
Tea Master Theotar,https://d15f34w2p8l1cc.cloudfront.net/hearthstone/f7332c67f4eaacb3160ecbfef3aa23c77eb46b18e0bb772e8f28ffb26be516f9.png
The Boommobile,https://d15f34w2p8l1cc.cloudfront.net/hearthstone/f0d402633fee1ccdd9914dd8f4be86622403ef5a500d73d3561479ef1cb8134e.png
The Glad-iator,https://d15f34w2p8l1cc.cloudfront.net/hearthstone/d436803675bd302fecbb71a4ee4193bada34c654ac3b542643efa8d4f04919fe.png
Tichondrius,https://d15f34w2p8l1cc.cloudfront.net/hearthstone/5f6278f18585d753fc57e72af16b424a001dcab2533bc0e4f60cba6124fd0cb6.png
Tide Oracle Morgl,https://d15f34w2p8l1cc.cloudfront.net/hearthstone/2e96da4d462e2bb4881fad6b15a7b03561f61116dccd0b0bb8640542a2a5e32c.png
Tidemistress Athissa,https://d15f34w2p8l1cc.cloudfront.net/hearthstone/19c16642db82c0d782f91e42b1bacb24a5384a37d30e5332d0c124e0d361b339.png
Titus Rivendare,https://d15f34w2p8l1cc.cloudfront.net/hearthstone/f396715593b205932141c309b053eb3bdc0dd9c78ce995d9cc70e23787d285a9.png
Tortollan Blue Shell,https://d15f34w2p8l1cc.cloudfront.net/hearthstone/b572568a72f86a96fa697127ac9e85c7b13e6a834ce5a6ce297fbe6c02d5c667.png
Tough Tusk,https://d15f34w2p8l1cc.cloudfront.net/hearthstone/707c19933134e6f3af7c70d1e781b9060eb549cf110c87e0da3f7e2f0878969b.png
Transmuted Bramblewitch,https://d15f34w2p8l1cc.cloudfront.net/hearthstone/e81445216d2082b54a7b975609a3eb4bb2f475aca0a28918f52acdb7201a8eed.png
Treasure-Seeker Elise,https://d15f34w2p8l1cc.cloudfront.net/hearthstone/88ba9a94baff124b207c145b51472c520a42d1d504d019542732c8ec5b51a393.png
Trigore the Lasher,https://d15f34w2p8l1cc.cloudfront.net/hearthstone/7961aea929b3adc02aca6d6973dfc5d7d09f2ceca93c911635a93b6a0c4fad04.png
Trusty Pup,https://d15f34w2p8l1cc.cloudfront.net/hearthstone/319c8c5af99fa0a150918fd5af6cc3a49a11f8dad097aeb82a759fb2e66dd63d.png
Tunnel Blaster,https://d15f34w2p8l1cc.cloudfront.net/hearthstone/dc61190beaffc3fddca9c014dd93edfc46a14a5d7c65d40b0e37927fc3b68cbe.png
Twilight Emissary,https://d15f34w2p8l1cc.cloudfront.net/hearthstone/c8f404b4a17923ac35eb25788a775d3c7fd8e810aece7b00849b9c55e585b48c.png
Upbeat Frontdrake,https://d15f34w2p8l1cc.cloudfront.net/hearthstone/e9e2e927c936551a66d341793f8e45847ab55933ed9a753144cc22be0a2c4c0e.png
Utility Drone,https://d15f34w2p8l1cc.cloudfront.net/hearthstone/e97e54d27a499870d60bd1c54358f88889a1f95762202b895f1b91f1b205b3e6.png
Wanderer Cho,https://d15f34w2p8l1cc.cloudfront.net/hearthstone/d1583dd78bf1fb2ada5a672d16338c41199c2c38e62656539cea8a3494f6f2ba.png
Warden of Old,https://d15f34w2p8l1cc.cloudfront.net/hearthstone/1cb0a84f0025a4737ba97b0a52ef199f00e49643a8019ce20d96c30f2003d57c.png
Warpwing,https://d15f34w2p8l1cc.cloudfront.net/hearthstone/4ec88f67f7844d8a5c8cc03bcbacc373b56c182b35306b71258a457e306bf2f1.png
Well Wisher,https://d15f34w2p8l1cc.cloudfront.net/hearthstone/09ce76063ff4f317fdb4c92f3039420788c8e4371d534e033a9cace6b1efcf0d.png
Whelp Smuggler,https://d15f34w2p8l1cc.cloudfront.net/hearthstone/6f4ac8f2c835fc2186b07d47e0fc6f154d86595613307aa0027a12ba63158a3e.png
Whirling Lass-o-Matic,https://d15f34w2p8l1cc.cloudfront.net/hearthstone/4089734d3c67637ee7fae4a8f4360441c232d47740236afe418753cdeb5f0ab6.png
Wildfire Elemental,https://d15f34w2p8l1cc.cloudfront.net/hearthstone/599cc62af2d29a1b87eaa99c5dfadbefc27cc07b7e351dc18c7a70e51a724602.png
Witchwing Nestmatron,https://d15f34w2p8l1cc.cloudfront.net/hearthstone/9ec011f493779686746d77730573ad219e99edddd3323b6d587d04b548bd9277.png
Wrath Weaver,https://d15f34w2p8l1cc.cloudfront.net/hearthstone/540bfdd3721ebcb2e22973aab9a6440e81909344699c051c969a43170a70ae0f.png
Young Murk-Eye,https://d15f34w2p8l1cc.cloudfront.net/hearthstone/58eb5fe04d1b473a24d183575f16c492ee824d1c572f28883318151ffecf3581.png
"Yu'lon, Fortune Granter",https://d15f34w2p8l1cc.cloudfront.net/hearthstone/d729f958673a65fcd69588351f4b20a2e54c61cc69fc5e7b85ffe24699616a79.png
Zesty Shaker,https://d15f34w2p8l1cc.cloudfront.net/hearthstone/cd8de12a29f0cf4ac834dc871452f20b5ea6686c4369b9331bbcf86e909a348c.png
