Tier,Name,Img
S,Colorful Compass: Quilboar,https://art.hearthstonejson.com/v1/256x/BG30_MagicItem_426t.webp
S,Shaker Portrait,https://art.hearthstonejson.com/v1/256x/BG30_MagicItem_828.webp
S,Emerald Dreamcatcher,https://art.hearthstonejson.com/v1/256x/BG30_MagicItem_542.webp
S,Butcher's Sickle,https://art.hearthstonejson.com/v1/256x/BG30_MagicItem_406.webp
S,Comfy Coffin,https://art.hearthstonejson.com/v1/256x/BG30_MagicItem_547t.webp
S,Flagbearer Portrait,https://art.hearthstonejson.com/v1/256x/BG30_MagicItem_921.webp
S,Windrunner Necklace,https://art.hearthstonejson.com/v1/256x/BG30_MagicItem_997t.webp
A,Boom Controller,https://art.hearthstonejson.com/v1/256x/BG30_MagicItem_440.webp
A,Surveyor Portrait,https://art.hearthstonejson.com/v1/256x/BG30_MagicItem_943.webp
A,Alliance Keychain,https://art.hearthstonejson.com/v1/256x/BG30_MagicItem_433t.webp
A,Tiger Carving,https://art.hearthstonejson.com/v1/256x/BG30_MagicItem_427t.webp
A,Ironforge Anvil,https://art.hearthstonejson.com/v1/256x/BG30_MagicItem_403.webp
A,Artisanal Urn,https://art.hearthstonejson.com/v1/256x/BG30_MagicItem_989t.webp
A,Feral Talisman,https://art.hearthstonejson.com/v1/256x/BG30_MagicItem_880t.webp
A,Spitescale Sushi Roll,https://art.hearthstonejson.com/v1/256x/BG30_MagicItem_920.webp
A,Gilnean Thorned Rose,https://art.hearthstonejson.com/v1/256x/BG30_MagicItem_864.webp
A,Lorewalker Scroll,https://art.hearthstonejson.com/v1/256x/BG30_MagicItem_422t.webp
A,Jar o' Gems,https://art.hearthstonejson.com/v1/256x/BG30_MagicItem_546.webp
A,Bronze Timepiece,https://art.hearthstonejson.com/v1/256x/BG30_MagicItem_995.webp
A,Promo Portrait,https://art.hearthstonejson.com/v1/256x/BG30_MagicItem_918.webp
A,Slamma Sticker,https://art.hearthstonejson.com/v1/256x/BG30_MagicItem_540.webp
A,Felbat Portrait,https://art.hearthstonejson.com/v1/256x/BG30_MagicItem_991.webp
A,Dragonwing Glider,https://art.hearthstonejson.com/v1/256x/BG30_MagicItem_900t.webp
A,Reinforced Shield,https://art.hearthstonejson.com/v1/256x/BG30_MagicItem_886.webp
A,Great Boar Sticker,https://art.hearthstonejson.com/v1/256x/BG30_MagicItem_988t.webp
A,Surprise Portrait,https://art.hearthstonejson.com/v1/256x/BG30_MagicItem_555.webp
A,Charging Staff,https://art.hearthstonejson.com/v1/256x/BG30_MagicItem_984t.webp
B,Karazhan Chess Set,https://art.hearthstonejson.com/v1/256x/BG30_MagicItem_972.webp
B,Kodo Leather Pouch,https://art.hearthstonejson.com/v1/256x/BG30_MagicItem_414t.webp
B,Colorful Compass: Murloc,https://art.hearthstonejson.com/v1/256x/BG30_MagicItem_426t.webp
B,Blood Golem Sticker,https://art.hearthstonejson.com/v1/256x/BG30_MagicItem_442.webp
B,Quilligraphy Set,https://art.hearthstonejson.com/v1/256x/BG30_MagicItem_410t2.webp
B,Mechagon Adapter,https://art.hearthstonejson.com/v1/256x/BG30_MagicItem_910.webp
B,Redeemer Portrait,https://art.hearthstonejson.com/v1/256x/BG30_MagicItem_944.webp
B,Belcher Portrait,https://art.hearthstonejson.com/v1/256x/BG30_MagicItem_432t.webp
B,Colorful Compass: Undead,https://art.hearthstonejson.com/v1/256x/BG30_MagicItem_426t.webp
B,Jarred Frostling,https://art.hearthstonejson.com/v1/256x/BG30_MagicItem_952.webp
B,Balladist Portrait,https://art.hearthstonejson.com/v1/256x/BG30_MagicItem_987.webp
B,Mecha-Jaraxxus Sticker,https://art.hearthstonejson.com/v1/256x/BG30_MagicItem_942.webp
B,Tinyfin Onesie,https://art.hearthstonejson.com/v1/256x/BG30_MagicItem_441.webp
B,Enforcer Portrait,https://art.hearthstonejson.com/v1/256x/BG30_MagicItem_971.webp
C,Colorful Compass: Elemental,https://art.hearthstonejson.com/v1/256x/BG30_MagicItem_426t.webp
C,Azerite Portrait,https://art.hearthstonejson.com/v1/256x/BG30_MagicItem_431.webp
C,Nerglish Phrasebook,https://art.hearthstonejson.com/v1/256x/BG30_MagicItem_914t.webp
C,Bob's Tip Jar,https://art.hearthstonejson.com/v1/256x/BG30_MagicItem_996.webp
C,Glowscale Portrait,https://art.hearthstonejson.com/v1/256x/BG30_MagicItem_548.webp
C,Rivendare Portrait,https://art.hearthstonejson.com/v1/256x/BG30_MagicItem_310.webp
C,Pagle's Fishing Rod,https://art.hearthstonejson.com/v1/256x/BG30_MagicItem_993.webp
C,Booty Bay Brew,https://art.hearthstonejson.com/v1/256x/BG30_MagicItem_924t.webp
C,Fancy Spellbook,https://art.hearthstonejson.com/v1/256x/BG30_MagicItem_999.webp
C,Elementium Chest,https://art.hearthstonejson.com/v1/256x/BG30_MagicItem_923.webp
C,Book of Medivh,https://art.hearthstonejson.com/v1/256x/BG30_MagicItem_420t.webp
C,Manipulator Portrait,https://art.hearthstonejson.com/v1/256x/BG30_MagicItem_876.webp
C,Designer Eyepatch,https://art.hearthstonejson.com/v1/256x/BG30_MagicItem_439.webp
C,Twin Sky Lanterns,https://art.hearthstonejson.com/v1/256x/BG30_MagicItem_822.webp
C,Nomi Sticker,https://art.hearthstonejson.com/v1/256x/BG30_MagicItem_544t.webp
C,Colorful Compass: Mech,https://art.hearthstonejson.com/v1/256x/BG30_MagicItem_426t.webp
C,Colorful Compass: Naga,https://art.hearthstonejson.com/v1/256x/BG30_MagicItem_426t.webp
C,Primalfin Portrait,https://art.hearthstonejson.com/v1/256x/BG30_MagicItem_702.webp
C,Glowing Gauntlet,https://art.hearthstonejson.com/v1/256x/BG30_MagicItem_841t.webp
D,Precious Pearl,https://art.hearthstonejson.com/v1/256x/BG30_MagicItem_714.webp
D,Colorful Compass: Dragon,https://art.hearthstonejson.com/v1/256x/BG30_MagicItem_426t.webp
D,Colorful Compass: Demon,https://art.hearthstonejson.com/v1/256x/BG30_MagicItem_426t.webp
D,Peacebloom Candle,https://art.hearthstonejson.com/v1/256x/BG30_MagicItem_986.webp
D,Colorful Compass: Beast,https://art.hearthstonejson.com/v1/256x/BG30_MagicItem_426t.webp
D,Conductor Portrait,https://art.hearthstonejson.com/v1/256x/BG30_MagicItem_402.webp
D,Colorful Compass: Pirate,https://art.hearthstonejson.com/v1/256x/BG30_MagicItem_426t.webp
D,Essence of Dreams,https://art.hearthstonejson.com/v1/256x/BG30_MagicItem_916.webp
D,Fridge Magnet,https://art.hearthstonejson.com/v1/256x/BG30_MagicItem_545.webp
D,Nether Pendant,https://art.hearthstonejson.com/v1/256x/BG30_MagicItem_541.webp
D,Dalaran Cheese Wheel,https://art.hearthstonejson.com/v1/256x/BG30_MagicItem_879t.webp
D,Devourer Sticker,https://art.hearthstonejson.com/v1/256x/BG30_MagicItem_543.webp
D,Bronzebeard Portrait,https://art.hearthstonejson.com/v1/256x/BG30_MagicItem_418.webp
D,Nazjatar Postcard,https://art.hearthstonejson.com/v1/256x/BG30_MagicItem_919.webp
D,Exquisite Dishware,https://art.hearthstonejson.com/v1/256x/BG30_MagicItem_419.webp
F,Darnassus Pie,https://art.hearthstonejson.com/v1/256x/BG30_MagicItem_992.webp
F,The Eye of Sargeras,https://art.hearthstonejson.com/v1/256x/BG30_MagicItem_701.webp
